{"cameraMode":{"drawMode":0,"name":"Shaded","section":"Shading Mode"},"sceneLighting":true,"audioPlay":false,"sceneViewState":{"m_AlwaysRefresh":false,"showFog":true,"showSkybox":true,"showFlares":true,"showImageEffects":true,"showParticleSystems":true,"showVisualEffectGraphs":true,"m_FxEnabled":true},"in2DMode":false,"pivot":{"x":0.8213022351264954,"y":0.044343508780002597,"z":0.4166244566440582},"rotation":{"x":0.1998838484287262,"y":0.5742246508598328,"z":-0.14711894094944,"w":0.7801721692085266},"size":0.4331861138343811,"orthographic":false}