{"cameraMode":{"drawMode":0,"name":"Shaded","section":"Shading Mode"},"sceneLighting":true,"audioPlay":false,"sceneViewState":{"m_AlwaysRefresh":false,"showFog":true,"showSkybox":true,"showFlares":true,"showImageEffects":true,"showParticleSystems":true,"showVisualEffectGraphs":true,"m_FxEnabled":true},"in2DMode":false,"pivot":{"x":8.685609817504883,"y":4.93596076965332,"z":-12.207858085632325},"rotation":{"x":0.21605779230594636,"y":-0.01757662184536457,"z":0.0038947637658566238,"w":0.9762244820594788},"size":0.21129556000232697,"orthographic":false}