{"cameraMode":{"drawMode":0,"name":"Shaded","section":"Shading Mode"},"sceneLighting":true,"audioPlay":false,"sceneViewState":{"m_AlwaysRefresh":false,"showFog":true,"showSkybox":true,"showFlares":true,"showImageEffects":true,"showParticleSystems":true,"showVisualEffectGraphs":true,"m_FxEnabled":true},"in2DMode":false,"pivot":{"x":0.9128722548484802,"y":0.11347318440675736,"z":0.1859465092420578},"rotation":{"x":0.15667346119880677,"y":0.6221629977226257,"z":-0.1289130449295044,"w":0.7561455368995667},"size":0.324126273393631,"orthographic":false}