{"cameraMode":{"drawMode":0,"name":"Shaded","section":"Shading Mode"},"sceneLighting":true,"audioPlay":false,"sceneViewState":{"m_AlwaysRefresh":false,"showFog":true,"showSkybox":true,"showFlares":true,"showImageEffects":true,"showParticleSystems":true,"showVisualEffectGraphs":true,"m_FxEnabled":true},"in2DMode":false,"pivot":{"x":-10.443151473999024,"y":4.337925434112549,"z":1.2721304893493653},"rotation":{"x":0.01893521472811699,"y":0.679212212562561,"z":-0.017534295096993448,"w":0.733491063117981},"size":0.8660253882408142,"orthographic":false}