{"cameraMode":{"drawMode":0,"name":"Shaded","section":"Shading Mode"},"sceneLighting":true,"audioPlay":false,"sceneViewState":{"m_AlwaysRefresh":false,"showFog":true,"showSkybox":true,"showFlares":true,"showImageEffects":true,"showParticleSystems":true,"showVisualEffectGraphs":true,"m_FxEnabled":true},"in2DMode":false,"pivot":{"x":3.3685426712036135,"y":-3.0968079566955568,"z":4.760291576385498},"rotation":{"x":0.20414669811725617,"y":0.6584641337394714,"z":-0.19248446822166444,"w":0.6983641982078552},"size":11.082874298095704,"orthographic":false}